{
    "MoJoFM": 0.9159999999999999,
    "a2a": 0.8496395468589083,
    "ARI": 0.17219299943045416,
    "a2a_adj": 0.42143184197407124,
    "c2c_cvg": 0.07692307692307693
}