{
    "MoJoFM": 0.8109999999999999,
    "a2a": 0.8444156591824985,
    "ARI": 0.2240904325120388,
    "a2a_adj": 0.35615096283453157,
    "c2c_cvg": 0.0
}