{
    "MoJoFM": 0.9318000000000001,
    "a2a": 0.9478260869565217,
    "ARI": 0.7893379191745485,
    "a2a_adj": 0.8088430361090642,
    "c2c_cvg": 0.5555555555555556
}