{
    "MoJoFM": 0.5861999999999999,
    "a2a": 0.8860182370820668,
    "ARI": 0.3647488729265561,
    "a2a_adj": 0.5122573092916682,
    "c2c_cvg": 0.3333333333333333
}