{
    "MoJoFM": 0.8181999999999999,
    "a2a": 0.8832199546485261,
    "ARI": 0.5042084308028496,
    "a2a_adj": 0.548148982485946,
    "c2c_cvg": 0.125
}