{
    "MoJoFM": 0.5417000000000001,
    "a2a": 0.8823529411764706,
    "ARI": 0.32229070364663587,
    "a2a_adj": 0.43999999999999995,
    "c2c_cvg": 0.0
}