{
    "MoJoFM": 0.9367,
    "a2a": 0.8632930513595166,
    "ARI": 0.2751782384234797,
    "a2a_adj": 0.47079784043403716,
    "c2c_cvg": 0.16666666666666666
}