{
    "MoJoFM": 0.9296,
    "a2a": 0.8584108199492815,
    "ARI": 0.1943112459063162,
    "a2a_adj": 0.4958914043095356,
    "c2c_cvg": 0.14583333333333334
}