{
    "MoJoFM": 0.5034000000000001,
    "a2a": 0.8517964071856288,
    "ARI": 0.21221628911210633,
    "a2a_adj": 0.4135216560224983,
    "c2c_cvg": 0.058823529411764705
}