{
    "MoJoFM": 0.44229999999999997,
    "a2a": 0.7643175735950045,
    "ARI": 0.09524678486715932,
    "a2a_adj": 0.3298681601144026,
    "c2c_cvg": 0.0
}