{
    "MoJoFM": 0.5307999999999999,
    "a2a": 0.8516231195566113,
    "ARI": 0.19006440746317982,
    "a2a_adj": 0.40221556859119817,
    "c2c_cvg": 0.08333333333333333
}