{
    "MoJoFM": 0.49219999999999997,
    "a2a": 0.850675983594106,
    "ARI": 0.21374804032922126,
    "a2a_adj": 0.49283747209713896,
    "c2c_cvg": 0.017857142857142856
}