{
    "MoJoFM": 0.49979999999999997,
    "a2a": 0.8201983298538622,
    "ARI": 0.13903138283655847,
    "a2a_adj": 0.414441931562518,
    "c2c_cvg": 0.007444168734491315
}