{
    "MoJoFM": 0.6578,
    "a2a": 0.8836930455635492,
    "ARI": 0.5390031674176301,
    "a2a_adj": 0.5787248146508971,
    "c2c_cvg": 0.32142857142857145
}