{
    "MoJoFM": 0.6135,
    "a2a": 0.8622078968573731,
    "ARI": 0.43254761631525473,
    "a2a_adj": 0.5078716409105419,
    "c2c_cvg": 0.16666666666666666
}