{
    "MoJoFM": 0.203,
    "a2a": 0.7785606441872169,
    "ARI": 0.14057857609630992,
    "a2a_adj": 0.34089435219979636,
    "c2c_cvg": 0.0
}