{
    "MoJoFM": 0.6099,
    "a2a": 0.8562197092084006,
    "ARI": 0.3493276794610676,
    "a2a_adj": 0.48574264950505663,
    "c2c_cvg": 0.2
}