{
    "MoJoFM": 0.5697,
    "a2a": 0.8713178294573644,
    "ARI": 0.5629531909844958,
    "a2a_adj": 0.5410074373590679,
    "c2c_cvg": 0.2558139534883721
}