{
    "MoJoFM": 0.8332999999999999,
    "a2a": 0.8428571428571429,
    "ARI": 0.3335937839911667,
    "a2a_adj": 0.44679454307264627,
    "c2c_cvg": 0.06666666666666667
}