{
    "MoJoFM": 0.4568,
    "a2a": 0.8400936037441498,
    "ARI": 0.2528993945120512,
    "a2a_adj": 0.421769026766593,
    "c2c_cvg": 0.05714285714285714
}