{
    "MoJoFM": 0.4339,
    "a2a": 0.8439465408805031,
    "ARI": 0.2661580296545008,
    "a2a_adj": 0.44182389937106925,
    "c2c_cvg": 0.0
}