{
    "MoJoFM": 0.6792,
    "a2a": 0.8304536357571715,
    "ARI": 0.20467627928338833,
    "a2a_adj": 0.3214746017221965,
    "c2c_cvg": 0.014084507042253521
}