{
    "MoJoFM": 0.19140000000000001,
    "a2a": 0.7764084507042254,
    "ARI": 0.12254071417161543,
    "a2a_adj": 0.3309691615194738,
    "c2c_cvg": 0.05263157894736842
}