{
    "MoJoFM": 0.5586,
    "a2a": 0.8625377643504532,
    "ARI": 0.3117262764335398,
    "a2a_adj": 0.4373016286418724,
    "c2c_cvg": 0.07142857142857142
}