{
    "MoJoFM": 0.6812,
    "a2a": 0.8159722222222222,
    "ARI": 0.24138863670540792,
    "a2a_adj": 0.4610678516474189,
    "c2c_cvg": 0.04878048780487805
}