{
    "MoJoFM": 0.52,
    "a2a": 0.8397435897435898,
    "ARI": 0.25050787767368093,
    "a2a_adj": 0.5391363022941971,
    "c2c_cvg": 0.05263157894736842
}