{
    "MoJoFM": 0.5882000000000001,
    "a2a": 0.8521739130434782,
    "ARI": 0.23596258403160408,
    "a2a_adj": 0.3981892830824297,
    "c2c_cvg": 0.09090909090909091
}