{
    "MoJoFM": 0.6364,
    "a2a": 0.8407079646017699,
    "ARI": 0.2774570474973229,
    "a2a_adj": 0.4373950533242569,
    "c2c_cvg": 0.0
}