{
    "MoJoFM": 0.594,
    "a2a": 0.8510324483775811,
    "ARI": 0.25054243534505705,
    "a2a_adj": 0.47445151866847796,
    "c2c_cvg": 0.05
}