{
    "MoJoFM": 0.3699,
    "a2a": 0.859375,
    "ARI": 0.17781836338133686,
    "a2a_adj": 0.45410256410256405,
    "c2c_cvg": 0.3
}