{
    "MoJoFM": 0.5968,
    "a2a": 0.8322784810126582,
    "ARI": 0.12728517300410586,
    "a2a_adj": 0.40057545961422547,
    "c2c_cvg": 0.1875
}