{
    "MoJoFM": 0.5268,
    "a2a": 0.823021582733813,
    "ARI": 0.18111363413745252,
    "a2a_adj": 0.41944749436011697,
    "c2c_cvg": 0.017543859649122806
}