{
    "MoJoFM": 0.5368999999999999,
    "a2a": 0.8529807616182408,
    "ARI": 0.1907800307773796,
    "a2a_adj": 0.407430821629421,
    "c2c_cvg": 0.12
}