{
    "MoJoFM": 0.9671,
    "a2a": 0.905635987590486,
    "ARI": 0.5456946341762405,
    "a2a_adj": 0.6159516108587615,
    "c2c_cvg": 0.3181818181818182
}