{
    "MoJoFM": 0.6489,
    "a2a": 0.8697875688434303,
    "ARI": 0.3776490748694326,
    "a2a_adj": 0.5073936938834217,
    "c2c_cvg": 0.22916666666666666
}