{
    "MoJoFM": 0.4384,
    "a2a": 0.8756476683937824,
    "ARI": 0.2904055655996065,
    "a2a_adj": 0.5086149860502192,
    "c2c_cvg": 0.2727272727272727
}