{
    "MoJoFM": 0.4932,
    "a2a": 0.8788659793814433,
    "ARI": 0.3625689372751268,
    "a2a_adj": 0.5275257731958763,
    "c2c_cvg": 0.25
}