{
    "MoJoFM": 0.6414,
    "a2a": 0.8833333333333333,
    "ARI": 0.3644339890335309,
    "a2a_adj": 0.5083200370419036,
    "c2c_cvg": 0.23076923076923078
}