{
    "MoJoFM": 0.47950000000000004,
    "a2a": 0.883248730964467,
    "ARI": 0.2959965396143091,
    "a2a_adj": 0.5139340101522842,
    "c2c_cvg": 0.13333333333333333
}