{
    "MoJoFM": 0.7101000000000001,
    "a2a": 0.8601190476190477,
    "ARI": 0.21535642116567572,
    "a2a_adj": 0.44431355750696083,
    "c2c_cvg": 0.16666666666666666
}