{
    "MoJoFM": 0.7273000000000001,
    "a2a": 0.893348623853211,
    "ARI": 0.43556760400556077,
    "a2a_adj": 0.5502645502645502,
    "c2c_cvg": 0.18181818181818182
}