{
    "MoJoFM": 0.4932,
    "a2a": 0.8891752577319587,
    "ARI": 0.2877158327193877,
    "a2a_adj": 0.5522468939994714,
    "c2c_cvg": 0.3333333333333333
}