{
    "MoJoFM": 0.904,
    "a2a": 0.9022727272727272,
    "ARI": 0.5880037147352436,
    "a2a_adj": 0.6249381527732043,
    "c2c_cvg": 0.3333333333333333
}