{
    "MoJoFM": 0.6786,
    "a2a": 0.8290202094310678,
    "ARI": 0.19967089770525648,
    "a2a_adj": 0.3165800654104108,
    "c2c_cvg": 0.013513513513513514
}