{
    "MoJoFM": 0.6288,
    "a2a": 0.8739805210230422,
    "ARI": 0.32149019883777114,
    "a2a_adj": 0.49366522798594725,
    "c2c_cvg": 0.17391304347826086
}