{
    "MoJoFM": 0.20190000000000002,
    "a2a": 0.778672032193159,
    "ARI": 0.13885641108691607,
    "a2a_adj": 0.339428056576307,
    "c2c_cvg": 0.05263157894736842
}