{
    "FCA": {
        "ArchStudio4": {
            "MoJoFM": 0.5986,
            "a2a": 0.8191101385849745,
            "ARI": 0.09822058154839575,
            "a2a_adj": 0.42761077123829827,
            "c2c_cvg": 0.09375
        },
        "bash-4.2": {
            "MoJoFM": 0.4104,
            "a2a": 0.8014616321559074,
            "ARI": 0.13255038841646555,
            "a2a_adj": 0.39516843859668294,
            "c2c_cvg": 0.022988505747126436
        },
        "distributed_camera": {
            "MoJoFM": 0.534,
            "a2a": 0.7795358649789029,
            "ARI": 0.09847678449013013,
            "a2a_adj": 0.356696142733588,
            "c2c_cvg": 0.0
        },
        "drivers_framework": {
            "MoJoFM": 0.3237,
            "a2a": 0.7806539509536785,
            "ARI": 0.14886702952478767,
            "a2a_adj": 0.4179927689464474,
            "c2c_cvg": 0.0
        },
        "hadoop": {
            "MoJoFM": 0.489,
            "a2a": 0.8237704918032787,
            "ARI": 0.10563494603973428,
            "a2a_adj": 0.38152240901102996,
            "c2c_cvg": 0.06569343065693431
        },
        "ITK": {
            "MoJoFM": 0.4429,
            "a2a": 0.729495452071834,
            "ARI": 0.010773026614010653,
            "a2a_adj": 0.24803243782922318,
            "c2c_cvg": 0.0
        },
        "libxml2-2.4.22": {
            "MoJoFM": 0.3699,
            "a2a": 0.8374384236453202,
            "ARI": 0.0786153405883574,
            "a2a_adj": 0.3710811951246238,
            "c2c_cvg": 0.09523809523809523
        },
        "oodt": {
            "MoJoFM": 0.4988,
            "a2a": 0.8566037735849057,
            "ARI": 0.23196281248374198,
            "a2a_adj": 0.4396776264617071,
            "c2c_cvg": 0.13963963963963963
        },
        "chromium": {
            "MoJoFM": 0.5774,
            "a2a": 0.7597593641593114,
            "ARI": 0.03317084439986384,
            "a2a_adj": 0.2885887582509281,
            "c2c_cvg": 0.001271186440677966
        }
    },
    "SADE": {
        "ArchStudio4": {
            "MoJoFM": 0.4181,
            "a2a": 0.8299347471451877,
            "ARI": 0.11374618637232847,
            "a2a_adj": 0.41374347840661824,
            "c2c_cvg": 0.0
        },
        "bash-4.2": {
            "MoJoFM": 0.45380000000000004,
            "a2a": 0.8594594594594595,
            "ARI": 0.21132625120090684,
            "a2a_adj": 0.42130883377591016,
            "c2c_cvg": 0.16666666666666666
        },
        "distributed_camera": {
            "MoJoFM": 0.7231000000000001,
            "a2a": 0.882830626450116,
            "ARI": 0.4131654017866344,
            "a2a_adj": 0.5283906143290684,
            "c2c_cvg": 0.08333333333333333
        },
        "drivers_framework": {
            "MoJoFM": 0.4861,
            "a2a": 0.8765432098765432,
            "ARI": 0.3012894425994644,
            "a2a_adj": 0.4722222222222222,
            "c2c_cvg": 0.2222222222222222
        },
        "hadoop": {
            "MoJoFM": 0.4064,
            "a2a": 0.8344051446945338,
            "ARI": 0.22512423530916081,
            "a2a_adj": 0.43835100228865526,
            "c2c_cvg": 0.2222222222222222
        },
        "ITK": {
            "MoJoFM": 0.5985,
            "a2a": 0.814903632649436,
            "ARI": 0.0923969665682084,
            "a2a_adj": 0.24363645374375598,
            "c2c_cvg": 0.0
        },
        "libxml2-2.4.22": {
            "MoJoFM": 0.3425,
            "a2a": 0.8377659574468085,
            "ARI": 0.22227514664327744,
            "a2a_adj": 0.43951991271140206,
            "c2c_cvg": 0.16666666666666666
        },
        "oodt": {
            "MoJoFM": 0.2108,
            "a2a": 0.781427832384894,
            "ARI": 0.13296761035532592,
            "a2a_adj": 0.344885878829819,
            "c2c_cvg": 0.17391304347826086
        },
        "chromium": {
            "MoJoFM": 0.5827,
            "a2a": 0.871561991260389,
            "ARI": 0.26059027985765304,
            "a2a_adj": 0.4837181561641997,
            "c2c_cvg": 0.23529411764705882
        }
    },
    "ARC": {
        "ArchStudio4": {
            "MoJoFM": 0.5658,
            "a2a": 0.85171862509992,
            "ARI": 0.32378921281611733,
            "a2a_adj": 0.4697716736411035,
            "c2c_cvg": 0.09523809523809523
        },
        "bash-4.2": {
            "MoJoFM": 0.2812,
            "a2a": 0.7977883096366509,
            "ARI": 0.028547755694809215,
            "a2a_adj": 0.35943155232698026,
            "c2c_cvg": 0.0
        },
        "distributed_camera": {
            "MoJoFM": 0.36869999999999997,
            "a2a": 0.8053191489361702,
            "ARI": 0.08161051053824647,
            "a2a_adj": 0.37420668030805704,
            "c2c_cvg": 0.0
        },
        "drivers_framework": {
            "MoJoFM": 0.3611,
            "a2a": 0.8048433048433048,
            "ARI": 0.12055544740202631,
            "a2a_adj": 0.38315497139026555,
            "c2c_cvg": 0.0
        },
        "hadoop": {
            "MoJoFM": 0.4036,
            "a2a": 0.8301008533747091,
            "ARI": 0.19380069813040338,
            "a2a_adj": 0.34948287567405556,
            "c2c_cvg": 0.13333333333333333
        },
        "ITK": {
            "MoJoFM": 0.7624,
            "a2a": 0.766865776528461,
            "ARI": 0.0008763484727587331,
            "a2a_adj": 0.3239117686103825,
            "c2c_cvg": 0.0033003300330033004
        },
        "libxml2-2.4.22": {
            "MoJoFM": 0.2877,
            "a2a": 0.8325,
            "ARI": 0.0595314883035062,
            "a2a_adj": 0.3205128205128205,
            "c2c_cvg": 0.05555555555555555
        },
        "oodt": {
            "MoJoFM": 0.2964,
            "a2a": 0.8188622754491017,
            "ARI": 0.1221745724688793,
            "a2a_adj": 0.37467596833379435,
            "c2c_cvg": 0.16666666666666666
        },
        "chromium": {
            "MoJoFM": 0.3276,
            "a2a": 0.8312023604622572,
            "ARI": 0.011401756842093557,
            "a2a_adj": 0.32133581585886256,
            "c2c_cvg": 0.0
        }
    },
    "LIMBO": {
        "ArchStudio4": {
            "MoJoFM": 0.27399999999999997,
            "a2a": 0.7959501557632399,
            "ARI": -0.0012459452662690695,
            "a2a_adj": 0.1730552644735483,
            "c2c_cvg": 0.0
        },
        "bash-4.2": {
            "MoJoFM": 0.263,
            "a2a": 0.7950600801068091,
            "ARI": 0.0034516376668274366,
            "a2a_adj": 0.22005898386880565,
            "c2c_cvg": 0.0
        },
        "distributed_camera": {
            "MoJoFM": 0.25129999999999997,
            "a2a": 0.8018648018648018,
            "ARI": 0.006685950822574132,
            "a2a_adj": 0.302659350562153,
            "c2c_cvg": 0.0
        },
        "drivers_framework": {
            "MoJoFM": 0.2014,
            "a2a": 0.8092307692307692,
            "ARI": -0.0006772691120133636,
            "a2a_adj": 0.31243320865615815,
            "c2c_cvg": 0.0
        },
        "hadoop": {
            "MoJoFM": 0.1497,
            "a2a": 0.8007633587786259,
            "ARI": 0.006310614908153062,
            "a2a_adj": 0.17606466393503623,
            "c2c_cvg": 0.0
        },
        "ITK": {
            "MoJoFM": 0.4997,
            "a2a": 0.7842693638541389,
            "ARI": 0.0015697094379512125,
            "a2a_adj": 0.06354072631707848,
            "c2c_cvg": 0.0
        },
        "libxml2-2.4.22": {
            "MoJoFM": 0.2192,
            "a2a": 0.844059405940594,
            "ARI": 0.024617392335982917,
            "a2a_adj": 0.42765101103089065,
            "c2c_cvg": 0.03333333333333333
        },
        "oodt": {
            "MoJoFM": 0.1193,
            "a2a": 0.7907960199004975,
            "ARI": 0.0005078017830726838,
            "a2a_adj": 0.22083618573723793,
            "c2c_cvg": 0.0
        },
        "chromium": {
            "MoJoFM": 0.3116,