{
    "MoJoFM": 0.7047,
    "a2a": 0.8658707865168539,
    "ARI": 0.5538892179985477,
    "a2a_adj": 0.6428316254973996,
    "c2c_cvg": 0.0945945945945946
}