{
    "MoJoFM": 0.9097,
    "a2a": 0.8850837138508372,
    "ARI": 0.4027235715760412,
    "a2a_adj": 0.6147805831985012,
    "c2c_cvg": 0.14285714285714285
}