{
    "MoJoFM": 0.625,
    "a2a": 0.8636363636363636,
    "ARI": 0.3459901047060177,
    "a2a_adj": 0.6241149031846706,
    "c2c_cvg": 0.2857142857142857
}