{
    "MoJoFM": 0.7676999999999999,
    "a2a": 0.8744343891402715,
    "ARI": 0.3713323269496533,
    "a2a_adj": 0.49531889678948504,
    "c2c_cvg": 0.11764705882352941
}