{
    "c2c_cvg_66": {
        "2": 0.0,
        "3": 0.0,
        "4": 0.0,
        "5": 0.2,
        "6": 0.5,
        "7": 0.7142857142857143,
        "8": 0.875,
        "9": 1.0,
        "10": 0.8,
        "11": 0.6363636363636364,
        "12": 0.5,
        "13": 0.38461538461538464,
        "14": 0.2857142857142857,
        "15": 0.2,
        "16": 0.125,
        "17": 0.11764705882352941,
        "18": 0.05555555555555555,
        "19": 0.0,
        "20": 0.0,
        "21": 0.0,
        "22": 0.0,
        "23": 0.0,
        "24": 0.0,
        "25": 0.0,
        "26": 0.0,
        "27": 0.0,
        "28": 0.0,
        "29": 0.0,
        "30": 0.0
    },
    "c2c_cvg_50": {
        "2": 0.0,
        "3": 0.0,
        "4": 0.0,
        "5": 0.4,
        "6": 0.8333333333333334,
        "7": 0.8571428571428571,
        "8": 0.875,
        "9": 1.0,
        "10": 0.9,
        "11": 0.8181818181818182,
        "12": 0.75,
        "13": 0.6923076923076923,
        "14": 0.6428571428571429,
        "15": 0.5333333333333333,
        "16": 0.5625,
        "17": 0.47058823529411764,
        "18": 0.4444444444444444,
        "19": 0.42105263157894735,
        "20": 0.35,
        "21": 0.2857142857142857,
        "22": 0.22727272727272727,
        "23": 0.17391304347826086,
        "24": 0.125,
        "25": 0.08,
        "26": 0.07692307692307693,
        "27": 0.0,
        "28": 0.0,
        "29": 0.0,
        "30": 0.0
    },
    "c2c_cvg_33": {
        "2": 0.0,
        "3": 0.3333333333333333,
        "4": 1.0,
        "5": 1.0,
        "6": 1.0,
        "7": 1.0,
        "8": 1.0,
        "9": 1.0,
        "10": 1.0,
        "11": 1.0,
        "12": 1.0,
        "13": 1.0,
        "14": 1.0,
        "15": 1.0,
        "16": 1.0,
        "17": 0.9411764705882353,
        "18": 0.9444444444444444,
        "19": 0.9473684210526315,
        "20": 0.8,
        "21": 0.7142857142857143,
        "22": 0.6363636363636364,
        "23": 0.6086956521739131,
        "24": 0.625,
        "25": 0.6,
        "26": 0.5,
        "27": 0.4074074074074074,
        "28": 0.42857142857142855,
        "29": 0.3448275862068966,
        "30": 0.26666666666666666
    },
    "c2c_cvg_10": {
        "2": 1.0,
        "3": 1.0,
        "4": 1.0,
        "5": 1.0,
        "6": 1.0,
        "7": 1.0,
        "8": 1.0,
        "9": 1.0,
        "10": 1.0,
        "11": 1.0,
        "12": 1.0,
        "13": 1.0,
        "14": 1.0,
        "15": 1.0,
        "16": 1.0,
        "17": 1.0,
        "18": 1.0,
        "19": 1.0,
        "20": 1.0,
        "21": 1.0,
        "22": 1.0,
        "23": 1.0,
        "24": 1.0,
        "25": 1.0,
        "26": 1.0,
        "27": 1.0,
        "28": 1.0,
        "29": 1.0,
        "30": 1.0
    }
}