{
    "MoJoFM": {
        "0": 1.0,
        "1": 0.9983,
        "2": 0.9965999999999999,
        "3": 0.9948999999999999,
        "4": 0.9932,
        "5": 0.9915,
        "6": 0.9898,
        "7": 0.9881,
        "8": 0.9864,
        "9": 0.9831,
        "10": 0.9814,
        "11": 0.978,
        "12": 0.9763,
        "13": 0.9729000000000001,
        "14": 0.9695,
        "15": 0.9661,
        "16": 0.9643999999999999,
        "17": 0.9627,
        "18": 0.9576,
        "19": 0.9525,
        "20": 0.9475,
        "21": 0.9423999999999999,
        "22": 0.9373,
        "23": 0.9339,
        "24": 0.9305,
        "25": 0.9270999999999999,
        "26": 0.9237000000000001,
        "27": 0.9203,
        "28": 0.9168999999999999,
        "29": 0.9136,
        "30": 0.9085,
        "31": 0.9034,
        "32": 0.8983,
        "33": 0.8931999999999999,
        "34": 0.8814,
        "35": 0.878,
        "36": 0.8745999999999999,
        "37": 0.8712000000000001,
        "38": 0.8678,
        "39": 0.8593000000000001,
        "40": 0.8423999999999999,
        "41": 0.8339,
        "42": 0.8237000000000001,
        "43": 0.8119,
        "44": 0.8051,
        "45": 0.7983,
        "46": 0.7915000000000001,
        "47": 0.7746,
        "48": 0.7406999999999999,
        "49": 0.722,
        "50": 0.7119,
        "51": 0.7,
        "52": 0.6779999999999999,
        "53": 0.6644,
        "54": 0.6373,
        "55": 0.6017,
        "56": 0.5644,
        "57": 0.522,
        "58": 0.4966,
        "59": 0.4661,
        "60": 0.4305,
        "61": 0.3881,
        "62": 0.2915,
        "63": 0.20850000000000002,
        "64": 0.0983
    },
    "a2a": {
        "0": 1.0,
        "1": 0.9992641648270787,
        "2": 0.9985272459499264,
        "3": 0.997789240972734,
        "4": 0.9970501474926253,
        "5": 0.996309963099631,
        "6": 0.9955686853766618,
        "7": 0.9948263118994827,
        "8": 0.9940828402366864,
        "9": 0.9929681717246485,
        "10": 0.9922222222222222,
        "11": 0.9911045218680504,
        "12": 0.9903560830860534,
        "13": 0.9892353377876764,
        "14": 0.9881129271916791,
        "15": 0.9869888475836431,
        "16": 0.9862351190476191,
        "17": 0.9854802680565897,
        "18": 0.9839791356184798,
        "19": 0.982475764354959,
        "20": 0.9809701492537314,
        "21": 0.979462285287528,
        "22": 0.9779521674140508,
        "23": 0.9768137621540763,
        "24": 0.9756736526946108,
        "25": 0.9745318352059925,
        "26": 0.9733883058470765,
        "27": 0.9722430607651913,
        "28": 0.9710960960960962,
        "29": 0.9699474079639369,
        "30": 0.968421052631579,
        "31": 0.9668924003009782,
        "32": 0.9653614457831325,
        "33": 0.9638281838733986,
        "34": 0.9607843137254902,
        "35": 0.959622641509434,
        "36": 0.9584592145015106,
        "37": 0.9572940287226002,
        "38": 0.9561270801815431,
        "39": 0.9538228614685844,
        "40": 0.9496212121212121,
        "41": 0.9473085670962851,
        "42": 0.9446130500758725,
        "43": 0.9415337889141989,
        "44": 0.9395896656534954,
        "45": 0.9376425855513308,
        "46": 0.9356925418569254,
        "47": 0.9314546839299315,
        "48": 0.9233993902439024,
        "49": 0.9187643020594966,
        "50": 0.916030534351145,
        "51": 0.9129106187929718,
        "52": 0.9074923547400612,
        "53": 0.9039785768936496,
        "54": 0.8973966309341501,
        "55": 0.8888888888888888,
        "56": 0.8799846625766872,
        "57": 0.8699155794320799,
        "58": 0.8636712749615976,
        "59": 0.8562644119907763,
        "60": 0.8476923076923077,
        "61": 0.8375673595073133,
        "62": 0.8151001540832049,
        "63": 0.7956823438704703,
        "64": 0.7700617283950617
    },
    "ARI": {
        "0": 1.0,
        "1": 0.9999495745087271,
        "2": 0.9998991535371312,
        "3": 0.9998487370846045,
        "4": 0.9997983251505396,
        "5": 0.999747917734329,
        "6": 0.9996975148353656,
        "7": 0.99949594839984,
        "8": 0.9992944541917118,
        "9": 0.9990930321721658,
        "10": 0.998891682302415,
        "11": 0.9986904045437,
        "12": 0.998489198857289,
        "13": 0.9982880652044785,
        "14": 0.998087003546592,
        "15": 0.9978860138449811,
        "16": 0.9976850960610251,
        "17": 0.9974842501561305,
        "18": 0.9970326094782237,
        "19": 0.9965813320540992,
        "20": 0.9961304174456865,
        "21": 0.9956798652156197,
        "22": 0.9950796918538864,
        "23": 0.9942804598448667,
        "24": 0.9934823674712908,
        "25": 0.9926854122973636,
        "26": 0.9918895918942267,
        "27": 0.9910949038399332,
        "28": 0.9903013457194236,
        "29": 0.9893109833700854,
        "30": 0.9878287328931135,
        "31": 0.9860552286508057,
        "32": 0.9842873675790796,
        "33": 0.9822319594694112,
        "34": 0.9798435884358733,
        "35": 0.9771266058457112,
        "36": 0.9740377979029399,
        "37": 0.9709662528328206,
        "38": 0.9679118263193219,
        "39": 0.9636452279859262,
        "40": 0.9584755157725887,
        "41": 0.9523362973558395,
        "42": 0.9451699466499195,
        "43": 0.9369287607761047,
        "44": 0.9269142587338716,
        "45": 0.9157472261637888,
        "46": 0.904814770484874,
        "47": 0.8905630641292924,
        "48": 0.873591551216136,
        "49": 0.8563713469540978,
        "50": 0.837330393064476,
        "51": 0.8148073916215066,
        "52": 0.7916373750284326,
        "53": 0.7605854070252137,
        "54": 0.7250688364391852,
        "55": 0.67821751777637,
        "56": 0.6252672547893015,
        "57": 0.5711525742003827,
        "58": 0.5089952510025164,
        "59": 0.44446423262287077,
        "60": 0.36746635313783094,
        "61": 0.2894638704132495,
        "62": 0.2030389053280175,
        "63": 0.10510997436053879,
        "64": 0.0
    },
    "a2a_adj": {
        "0": 1.0,
        "1": 0.9983511795862096,
        "2": 0.9967050451904759,
        "3": 0.9950615920211814,
        "4": 0.9934208152725736,
        "5": 0.9917827101247133,
        "6": 0.9901472717434225,
        "7": 0.988514495280231,
        "8": 0.9868843758723245,
        "9": 0.9836285840453249,
        "10": 0.9820061908151599,
        "11": 0.9787629687945901,
        "12": 0.977148282117442,
        "13": 0.9739176102203434,
        "14": 0.9706944193239357,
        "15": 0.9674787044634925,
        "16": 0.96588179826386,
        "17": 0.964287504699837,
        "18": 0.959482850406545,
        "19": 0.9546905055685198,
        "20": 0.9499104651466025,
        "21": 0.9451427240865807,
        "22": 0.9403872773191326,
        "23": 0.9372384703713014,
        "24": 0.9340970941053246,
        "25": 0.9309631434062111,
        "26": 0.927836613143632,
        "27": 0.9247174981718638,
        "28": 0.9216057933297305,
        "29": 0.9185014934405448,
        "30": 0.9138272296933364,
        "31": 0.9091652139254557,
        "32": 0.904515440913333,
        "33": 0.899877905417653,
        "34": 0.888981975120589,
        "35": 0.8859438357820244,
        "36": 0.8829130647203693,
        "37": 0.8798896566327301,
        "38": 0.876873606200168,
        "39": 0.869198338489502,
        "40": 0.8537794955966185,
        "41": 0.8461601705815678,
        "42": 0.8370144990041269,
        "43": 0.826349755603994,
        "44": 0.8203467736367772,
        "45": 0.8143608184907061,
        "46": 0.8083918847162718,
        "47": 0.7932233098875499,
        "48": 0.762764038240266,
        "49": 0.7461807309415824,
        "50": 0.7372925438031005,
        "51": 0.7269046547511894,
        "52": 0.7074044587405314,
        "53": 0.6955726723939328,
        "54": 0.6716242969220803,
        "55": 0.6401676552036543,
        "56": 0.6072962186150048,
        "57": 0.5699935769388415,