{
    "c2c_cvg_66": {
        "0": 1.0,
        "1": 0.984375,
        "2": 0.9682539682539683,
        "3": 0.9516129032258065,
        "4": 0.9344262295081968,
        "5": 0.9166666666666666,
        "6": 0.8983050847457628,
        "7": 0.896551724137931,
        "8": 0.8947368421052632,
        "9": 0.875,
        "10": 0.8727272727272727,
        "11": 0.8518518518518519,
        "12": 0.8490566037735849,
        "13": 0.8269230769230769,
        "14": 0.803921568627451,
        "15": 0.78,
        "16": 0.7755102040816326,
        "17": 0.7708333333333334,
        "18": 0.7446808510638298,
        "19": 0.717391304347826,
        "20": 0.6888888888888889,
        "21": 0.6590909090909091,
        "22": 0.627906976744186,
        "23": 0.6428571428571429,
        "24": 0.6585365853658537,
        "25": 0.65,
        "26": 0.6666666666666666,
        "27": 0.6842105263157895,
        "28": 0.6756756756756757,
        "29": 0.6666666666666666,
        "30": 0.6571428571428571,
        "31": 0.6470588235294118,
        "32": 0.6363636363636364,
        "33": 0.625,
        "34": 0.5806451612903226,
        "35": 0.6,
        "36": 0.6206896551724138,
        "37": 0.6071428571428571,
        "38": 0.6296296296296297,
        "39": 0.6153846153846154,
        "40": 0.56,
        "41": 0.5833333333333334,
        "42": 0.6086956521739131,
        "43": 0.5909090909090909,
        "44": 0.5714285714285714,
        "45": 0.6,
        "46": 0.5789473684210527,
        "47": 0.5555555555555556,
        "48": 0.47058823529411764,
        "49": 0.4375,
        "50": 0.4,
        "51": 0.35714285714285715,
        "52": 0.3076923076923077,
        "53": 0.3333333333333333,
        "54": 0.36363636363636365,
        "55": 0.4,
        "56": 0.3333333333333333,
        "57": 0.375,
        "58": 0.2857142857142857,
        "59": 0.16666666666666666,
        "60": 0.0,
        "61": 0.0,
        "62": 0.0,
        "63": 0.0,
        "64": 0.0
    },
    "c2c_cvg_50": {
        "0": 1.0,
        "1": 0.984375,
        "2": 0.9682539682539683,
        "3": 0.9516129032258065,
        "4": 0.9344262295081968,
        "5": 0.9166666666666666,
        "6": 0.8983050847457628,
        "7": 0.896551724137931,
        "8": 0.8947368421052632,
        "9": 0.875,
        "10": 0.8727272727272727,
        "11": 0.8518518518518519,
        "12": 0.8490566037735849,
        "13": 0.8269230769230769,
        "14": 0.803921568627451,
        "15": 0.78,
        "16": 0.7755102040816326,
        "17": 0.7708333333333334,
        "18": 0.7446808510638298,
        "19": 0.717391304347826,
        "20": 0.6888888888888889,
        "21": 0.6590909090909091,
        "22": 0.6511627906976745,
        "23": 0.6666666666666666,
        "24": 0.6829268292682927,
        "25": 0.675,
        "26": 0.6923076923076923,
        "27": 0.7105263157894737,
        "28": 0.7027027027027027,
        "29": 0.7222222222222222,
        "30": 0.7142857142857143,
        "31": 0.7058823529411765,
        "32": 0.696969696969697,
        "33": 0.71875,
        "34": 0.6774193548387096,
        "35": 0.6666666666666666,
        "36": 0.6896551724137931,
        "37": 0.6785714285714286,
        "38": 0.7037037037037037,
        "39": 0.6923076923076923,
        "40": 0.68,
        "41": 0.7083333333333334,
        "42": 0.6956521739130435,
        "43": 0.6818181818181818,
        "44": 0.6666666666666666,
        "45": 0.7,
        "46": 0.6842105263157895,
        "47": 0.6111111111111112,
        "48": 0.5882352941176471,
        "49": 0.5,
        "50": 0.4666666666666667,
        "51": 0.42857142857142855,
        "52": 0.38461538461538464,
        "53": 0.4166666666666667,
        "54": 0.45454545454545453,
        "55": 0.4,
        "56": 0.4444444444444444,
        "57": 0.5,
        "58": 0.42857142857142855,
        "59": 0.3333333333333333,
        "60": 0.2,
        "61": 0.0,
        "62": 0.0,
        "63": 0.0,
        "64": 0.0
    },
    "c2c_cvg_33": {
        "0": 1.0,
        "1": 1.0,
        "2": 1.0,
        "3": 1.0,
        "4": 1.0,
        "5": 1.0,
        "6": 1.0,
        "7": 1.0,
        "8": 1.0,
        "9": 1.0,
        "10": 1.0,
        "11": 1.0,
        "12": 1.0,
        "13": 1.0,
        "14": 1.0,
        "15": 1.0,
        "16": 1.0,
        "17": 1.0,
        "18": 1.0,
        "19": 1.0,
        "20": 1.0,
        "21": 1.0,
        "22": 1.0,
        "23": 0.9761904761904762,
        "24": 0.9512195121951219,
        "25": 0.95,
        "26": 0.9230769230769231,
        "27": 0.8947368421052632,
        "28": 0.8918918918918919,
        "29": 0.8888888888888888,
        "30": 0.8857142857142857,
        "31": 0.8823529411764706,
        "32": 0.8787878787878788,
        "33": 0.875,
        "34": 0.8709677419354839,
        "35": 0.8666666666666667,
        "36": 0.8620689655172413,
        "37": 0.8928571428571429,
        "38": 0.8888888888888888,
        "39": 0.8846153846153846,
        "40": 0.88,
        "41": 0.8333333333333334,
        "42": 0.782608695652174,
        "43": 0.7727272727272727,
        "44": 0.8095238095238095,
        "45": 0.8,
        "46": 0.8421052631578947,
        "47": 0.8333333333333334,
        "48": 0.8235294117647058,
        "49": 0.8125,
        "50": 0.8666666666666667,
        "51": 0.9285714285714286,
        "52": 0.9230769230769231,
        "53": 0.9166666666666666,
        "54": 0.8181818181818182,
        "55": 0.7,
        "56": 0.6666666666666666,
        "57": 0.5,
        "58": 0.5714285714285714,
        "59": 0.6666666666666666,
        "60": 0.8,
        "61": 0.75,
        "62": 0.3333333333333333,
        "63": 0.0,
        "64": 0.0
    },
    "c2c_cvg_10": {
        "0": 1.0,
        "1": 1.0,
        "2": 1.0,
        "3": 1.0,
        "4": 1.0,
        "5": 1.0,
        "6": 1.0,
        "7": 1.0,
        "8": 1.0,
        "9": 1.0,
        "10": 1.0,
        "11": 1.0,
        "12": 1.0,
        "13": 1.0,
        "14": 1.0,
        "15": 1.0,
        "16": 1.0,
        "17": 1.0,
        "18": 1.0,
        "19": 1.0,
        "20": 1.0,
        "21": 1.0,
        "22": 1.0,
        "23": 1.0,
        "24": 1.0,
        "25": 1.0,
        "26": 1.0,
        "27": 1.0,
        "28": 1.0,
        "29": 1.0,
        "30": 1.0,
        "31": 1.0,
        "32": 1.0,
        "33": 1.0,
        "34": 1.0,
        "35": 1.0,
        "36": 1.0,
        "37": 1.0,
        "38": 1.0,
        "39": 1.0,
        "40": 1.0,
        "41": 1.0,
        "42": 1.0,
        "43": 1.0,
        "44": 1.0,
        "45": 1.0,
        "46": 1.0,
        "47": 1.0,
        "48": 1.0,
        "49": 1.0,
        "50": 1.0,
        "51": 1.0,
        "52": 1.0,
        "53": 1.0,
        "54": 1.0,
        "55": 1.0,
        "56": 1.0,
        "57": 1.0,
        "58": 1.0,
        "59": 1.0,
        "60": 1.0,
        "61": 1.0,
        "62": 1.0,
        "63": 1.0,
        "64": 1.0
    }
}