{
    "MoJoFM": {
        "2": 0.2144,
        "3": 0.32659999999999995,
        "4": 0.4388,
        "5": 0.5511,
        "6": 0.6633,
        "7": 0.7755,
        "8": 0.8878,
        "9": 1.0,
        "10": 0.9989,
        "11": 0.9978,
        "12": 0.9965999999999999,
        "13": 0.9954999999999999,
        "14": 0.9944,
        "15": 0.9933,
        "16": 0.9921,
        "17": 0.991,
        "18": 0.9899,
        "19": 0.9887999999999999,
        "20": 0.9876999999999999,
        "21": 0.9865,
        "22": 0.9854,
        "23": 0.9843000000000001,
        "24": 0.9832,
        "25": 0.982,
        "26": 0.9809,
        "27": 0.9798,
        "28": 0.9787,
        "29": 0.9776,
        "30": 0.9764
    },
    "a2a": {
        "2": 0.804803975704031,
        "3": 0.8327814569536424,
        "4": 0.8607280750137893,
        "5": 0.8886438809261301,
        "6": 0.9165289256198347,
        "7": 0.9443832599118943,
        "8": 0.9722069345074298,
        "9": 1.0,
        "10": 0.9862561847168774,
        "11": 0.9755494505494505,
        "12": 0.9607358594179023,
        "13": 0.9475850713501647,
        "14": 0.9344487109160724,
        "15": 0.9246162280701754,
        "16": 0.9084931506849315,
        "17": 0.8973165388828039,
        "18": 0.8877941981390257,
        "19": 0.8785557986870898,
        "20": 0.877255330781848,
        "21": 0.8743169398907104,
        "22": 0.872200983069361,
        "23": 0.8662663755458515,
        "24": 0.8622476813966176,
        "25": 0.8533260632497274,
        "26": 0.8512261580381472,
        "27": 0.846677559912854,
        "28": 0.8492106695699511,
        "29": 0.8495647442872688,
        "30": 0.8428493746601413
    },
    "ARI": {
        "2": 0.20176508307126864,
        "3": 0.3479851001877787,
        "4": 0.5252456098312396,
        "5": 0.6377389778776481,
        "6": 0.7061701520041813,
        "7": 0.7883087903026689,
        "8": 0.8860759493670887,
        "9": 1.0,
        "10": 0.9679846606510683,
        "11": 0.9354794011041504,
        "12": 0.8994288418398062,
        "13": 0.8623815124887566,
        "14": 0.823170307829395,
        "15": 0.7836848074585963,
        "16": 0.7384138116624908,
        "17": 0.6936709644465769,
        "18": 0.6476443264764432,
        "19": 0.6258714175058094,
        "20": 0.6110105054064762,
        "21": 0.5963991517969568,
        "22": 0.5782741416358489,
        "23": 0.5605215193836589,
        "24": 0.5412460402859097,
        "25": 0.5175013514003947,
        "26": 0.49903497259322166,
        "27": 0.48761727172076214,
        "28": 0.48315665672292796,
        "29": 0.46906723864882954,
        "30": 0.4525985405796097
    },
    "a2a_adj": {
        "2": 0.1317084082787075,
        "3": 0.25492863855922016,
        "4": 0.3784226740379498,
        "5": 0.5021905167363483,
        "6": 0.6262321686714126,
        "7": 0.7505476318556966,
        "8": 0.8751369082973239,
        "9": 1.0,
        "10": 0.9395720454489008,
        "11": 0.8940036911496845,
        "12": 0.8308558247873691,
        "13": 0.7759461904390759,
        "14": 0.721611894953095,
        "15": 0.6818402563786515,
        "16": 0.6154907220478516,
        "17": 0.5709544019203874,
        "18": 0.5328121431128232,
        "19": 0.4966843477355176,
        "20": 0.49377248449528505,
        "21": 0.48457322567430966,
        "22": 0.47828989382358283,
        "23": 0.45542408205263596,
        "24": 0.44129768187976814,
        "25": 0.4061328804267736,
        "26": 0.40018980903134815,
        "27": 0.3834111600094064,
        "28": 0.3960482183340728,
        "29": 0.39962155551995887,
        "30": 0.3739690647756162
    }
}