{
    "MoJoFM": 0.5586,
    "a2a": 0.8780120481927711,
    "ARI": 0.3467987533501608,
    "a2a_adj": 0.5004806002217397,
    "c2c_cvg": 0.13333333333333333
}