{
    "MoJoFM": 0.28,
    "a2a": 0.8072407045009785,
    "ARI": 0.14104209014600896,
    "a2a_adj": 0.37219026168327113,
    "c2c_cvg": 0.17333333333333334
}