{
    "MoJoFM": 0.5566,
    "a2a": 0.8771521637971149,
    "ARI": 0.4775868025435294,
    "a2a_adj": 0.5491171409603862,
    "c2c_cvg": 0.18333333333333332
}