{
    "MoJoFM": 0.44189999999999996,
    "a2a": 0.7675475059382423,
    "ARI": 0.09924315102874366,
    "a2a_adj": 0.3439411335548012,
    "c2c_cvg": 0.0
}