{
    "MoJoFM": 0.6738,
    "a2a": 0.8666134185303515,
    "ARI": 0.3492265961936064,
    "a2a_adj": 0.5014252588528512,
    "c2c_cvg": 0.3448275862068966
}