{
    "MoJoFM": 0.5097,
    "a2a": 0.8695652173913043,
    "ARI": 0.4704347732963626,
    "a2a_adj": 0.5466963852090605,
    "c2c_cvg": 0.2777777777777778
}