{
    "MoJoFM": 0.672,
    "a2a": 0.8782051282051282,
    "ARI": 0.4217239915906205,
    "a2a_adj": 0.5542295945764533,
    "c2c_cvg": 0.36
}