{
    "MoJoFM": 0.9813,
    "a2a": 0.9345507433742728,
    "ARI": 0.6693366531538999,
    "a2a_adj": 0.7347399951855992,
    "c2c_cvg": 0.38235294117647056
}