{
    "MoJoFM": 0.9070999999999999,
    "a2a": 0.8491484184914841,
    "ARI": 0.28653077127126086,
    "a2a_adj": 0.45846282538897937,
    "c2c_cvg": 0.125
}