{
    "MoJoFM": 0.6069,
    "a2a": 0.8860182370820668,
    "ARI": 0.3775346015241593,
    "a2a_adj": 0.5256912778458978,
    "c2c_cvg": 0.16666666666666666
}