{
    "MoJoFM": 0.5855,
    "a2a": 0.8685027152831652,
    "ARI": 0.4923246137383681,
    "a2a_adj": 0.5251920789276103,
    "c2c_cvg": 0.23809523809523808
}