{
    "MoJoFM": 0.6429,
    "a2a": 0.8793540215326155,
    "ARI": 0.34652531845790163,
    "a2a_adj": 0.5159516356194501,
    "c2c_cvg": 0.07692307692307693
}