{
    "MoJoFM": 0.6208,
    "a2a": 0.8730886850152906,
    "ARI": 0.28548520403142524,
    "a2a_adj": 0.4639643698938789,
    "c2c_cvg": 0.1875
}