{
    "MoJoFM": 0.9819,
    "a2a": 0.9694513715710723,
    "ARI": 0.8712725235802735,
    "a2a_adj": 0.8902256446503595,
    "c2c_cvg": 0.4
}