{
    "MoJoFM": 0.5326,
    "a2a": 0.8547750591949487,
    "ARI": 0.404678394549307,
    "a2a_adj": 0.490798681008196,
    "c2c_cvg": 0.15
}