{
    "MoJoFM": 0.8131,
    "a2a": 0.9018264840182648,
    "ARI": 0.4951987495082544,
    "a2a_adj": 0.607557596513076,
    "c2c_cvg": 0.23076923076923078
}