{
    "MoJoFM": 0.8384,
    "a2a": 0.889171974522293,
    "ARI": 0.608422785714018,
    "a2a_adj": 0.6833125380120494,
    "c2c_cvg": 0.16666666666666666
}