{
    "MoJoFM": 0.6798000000000001,
    "a2a": 0.8303208163809778,
    "ARI": 0.2046615383432788,
    "a2a_adj": 0.32184103886666454,
    "c2c_cvg": 0.013513513513513514
}