{
    "MoJoFM": 0.5172,
    "a2a": 0.847953216374269,
    "ARI": 0.25460572321837793,
    "a2a_adj": 0.45437174899097865,
    "c2c_cvg": 0.04
}