{
    "MoJoFM": 0.4268,
    "a2a": 0.8306962025316456,
    "ARI": 0.21349305095403026,
    "a2a_adj": 0.39311309369037406,
    "c2c_cvg": 0.11764705882352941
}