{
    "MoJoFM": 0.31620000000000004,
    "a2a": 0.8078460769615192,
    "ARI": 0.20632377299323976,
    "a2a_adj": 0.4259147615497791,
    "c2c_cvg": 0.25
}