{
    "MoJoFM": 0.4993,
    "a2a": 0.8224737159311591,
    "ARI": 0.12053876712572976,
    "a2a_adj": 0.23446170634468397,
    "c2c_cvg": 0.0
}