{
    "MoJoFM": 0.2929,
    "a2a": 0.8014521782674011,
    "ARI": 0.19935261525805603,
    "a2a_adj": 0.4086778163292418,
    "c2c_cvg": 0.14285714285714285
}