{
    "MoJoFM": 0.5738,
    "a2a": 0.8619631901840491,
    "ARI": 0.23194297862816257,
    "a2a_adj": 0.4137931034482759,
    "c2c_cvg": 0.14285714285714285
}