{
    "MoJoFM": 0.5192,
    "a2a": 0.8489385297845373,
    "ARI": 0.20915638862757902,
    "a2a_adj": 0.3931370416458881,
    "c2c_cvg": 0.1111111111111111
}