{
    "MoJoFM": 0.4658,
    "a2a": 0.8723958333333334,
    "ARI": 0.31349840255591055,
    "a2a_adj": 0.5130769230769231,
    "c2c_cvg": 0.3
}