{
    "MoJoFM": 0.5,
    "a2a": 0.7976190476190477,
    "ARI": 0.19313315088915653,
    "a2a_adj": 0.4486607142857143,
    "c2c_cvg": 0.03333333333333333
}