{
    "MoJoFM": 0.2532,
    "a2a": 0.7963238946845504,
    "ARI": 0.1696592038215173,
    "a2a_adj": 0.3668043503264055,
    "c2c_cvg": 0.20454545454545456
}