{
    "MoJoFM": 0.5771999999999999,
    "a2a": 0.8755760368663594,
    "ARI": 0.2474307416784988,
    "a2a_adj": 0.46712377533774185,
    "c2c_cvg": 0.23076923076923078
}