{
    "MoJoFM": 0.9068,
    "a2a": 0.8631732168850073,
    "ARI": 0.351502254475704,
    "a2a_adj": 0.5282468587538603,
    "c2c_cvg": 0.15789473684210525
}