{
    "MoJoFM": 0.4384,
    "a2a": 0.8717948717948718,
    "ARI": 0.26770982330837945,
    "a2a_adj": 0.47448717948717944,
    "c2c_cvg": 0.07692307692307693
}