{
    "MoJoFM": 0.8959999999999999,
    "a2a": 0.8991323210412148,
    "ARI": 0.32313832476693055,
    "a2a_adj": 0.5913052197440811,
    "c2c_cvg": 0.4444444444444444
}