{
    "MoJoFM": 0.6788,
    "a2a": 0.8615919267526566,
    "ARI": 0.30072860894311926,
    "a2a_adj": 0.4379374701455722,
    "c2c_cvg": 0.022727272727272728
}