{
    "MoJoFM": 0.6294,
    "a2a": 0.8578904991948471,
    "ARI": 0.3751613684163304,
    "a2a_adj": 0.48746095429597586,
    "c2c_cvg": 0.21052631578947367
}