{
    "MoJoFM": 0.6475,
    "a2a": 0.7834757834757835,
    "ARI": 0.16921952907699603,
    "a2a_adj": 0.42198653198653197,
    "c2c_cvg": 0.0
}