{
    "MoJoFM": 0.9451,
    "a2a": 0.8957883369330454,
    "ARI": 0.5633306853801292,
    "a2a_adj": 0.6255252239796336,
    "c2c_cvg": 0.12903225806451613
}