{
    "MoJoFM": 0.7959,
    "a2a": 0.8908554572271387,
    "ARI": 0.4749249440975917,
    "a2a_adj": 0.6154491050785299,
    "c2c_cvg": 0.14285714285714285
}